{
  "project_info": {
    "project_number": "42122937590",
    "project_id": "blood-bank-task01",
    "storage_bucket": "blood-bank-task01.appspot.com"
  },
  "client": [
    {
      "client_info": {
        "mobilesdk_app_id": "1:42122937590:android:cd20d3a6ed9bf5be4b58d7",
        "android_client_info": {
          "package_name": "com.example.blood_bank_task_01"
        }
      },
      "oauth_client": [
        {
          "client_id": "42122937590-65bqfg13s79kabpo6pinnsorq9fus9rj.apps.googleusercontent.com",
          "client_type": 1,
          "android_info": {
            "package_name": "com.example.blood_bank_task_01",
            "certificate_hash": "e487fcd46d894571414ab66f3c6f184a27af4db9"
          }
        },
        {
          "client_id": "42122937590-fbdsl9pgu3ufnk3tgnh1p4n7shkgou3t.apps.googleusercontent.com",
          "client_type": 3
        }
      ],
      "api_key": [
        {
          "current_key": "AIzaSyA2fdRHkAAXh-j61xxaKKbB9vzni39V6i0"
        }
      ],
      "services": {
        "appinvite_service": {
          "other_platform_oauth_client": [
            {
              "client_id": "42122937590-fbdsl9pgu3ufnk3tgnh1p4n7shkgou3t.apps.googleusercontent.com",
              "client_type": 3
            }
          ]
        }
      }
    }
  ],
  "configuration_version": "1"
}